family_id,individual_id,sample_id,external_id,trio,solved,causative_gene,mosaic,incomplete_penetrance,variant_1,variant_1_type,variant_2,variant_2_type,variant_1_description,variant_2_description
RGP_1641,RGP_1641_3,RGP_1641_3,,1,0,,,,,,,,,
RGP_802,RGP_802_3,RGP_802_3,,0,0,,,,,,,,,
RGP_1219,RGP_1219_3,RGP_1219_3,,1,0,,,,,,,,,
RGP_101,RGP_101_3,RGP_101_3,,1,0,,,,,,,,,
RGP_1030,RGP_1030_3,RGP_1030_3,,0,0,,,,,,,,,
RGP_558,RGP_558_3,RGP_558_3,,1,0,,,,,,,,,
RGP_924,RGP_924_3,RGP_924_3,,1,0,,,,,,,,,
RGP_867,RGP_867_3,RGP_867_3,,0,0,,,,,,,,,
RGP_1793,RGP_1793_3,RGP_1793_3,,1,0,,,,,,,,,
RGP_889,RGP_889_3,RGP_889_3,,1,0,,,,,,,,,
RGP_1279,RGP_1279_3,RGP_1279_3,,1,0,,,,,,,,,
RGP_268,RGP_268_3,RGP_268_3,,1,0,,,,,,,,,
RGP_1283,RGP_1283_3,RGP_1283_3,,0,0,,,,,,,,,
RGP_2036,RGP_2036_3,RGP_2036_3,,1,1,COQ8A,0,0,chr1:226984627-A-G,SNV_INDEL,chr1:226986630-ATGGGGGGCTCCTTC-A,SNV_INDEL,VUS that would be LP with upgrade of PP3 according to recommendations.,LP
RGP_1270,RGP_1270_3,RGP_1270_3,,1,0,,,,,,,,,
RGP_289,RGP_289_3,RGP_289_3,,1,0,,,,,,,,,
RGP_1647,RGP_1647_3,RGP_1647_3,,1,1,ATXN2,0,0,chr12:111598950,STR,,,Genotype for 1647_3 called by STR pipeline was 27-27/73-133. Note that 1647_2 was called with a less expanded allele that is still in the pathogenic range (23-23/40-40),
RGP_1478,RGP_1478_3,RGP_1478_3,,1,1,GNAI1,0,0,chr7:80188968-A-G,SNV_INDEL,,,VUS-high (but another lab might interpret as LP),
RGP_1683,RGP_1683_3,RGP_1683_3,,1,0,,,,,,,,,
RGP_612,RGP_612_3,RGP_612_3,,1,0,,,,,,,,,
RGP_379,RGP_379_3,RGP_379_3,,1,1,ZFHX3,0,0,chr16:72796678-G-A,SNV_INDEL,,,,
RGP_1608,RGP_1608_3,RGP_1608_3,,1,0,,,,,,,,,
RGP_1105,RGP_1105_3,RGP_1105_3,,1,1,MSTO1,0,0,chr1:155612073-C-G,SNV_INDEL,chr1:155612209-G-C,SNV_INDEL,,
RGP_1048,RGP_1048_3,RGP_1048_3,,1,0,FBRSL1,0,0,chr12:132508235-G-GC,SNV_INDEL,,,Moderate GDA by our curation so variant was classified as VUS-high. Also quality issues due to processed pseudogene contamination.,
RGP_1129,RGP_1129_3,RGP_1129_3,,0,0,GFPT1,0,0,chr2:69363619-G-A,SNV_INDEL,chr2:69326167-G-T,SNV_INDEL,VUS,LP
RGP_1352,RGP_1352_3,RGP_1352_3,,1,0,MED14,0,0,chrX:40713813-G-A,SNV_INDEL,,,VUS in GUS returned for involvement in publication,
RGP_175,RGP_175_3,RGP_175_3,,0,1,MT-ATP6,0,0,chrM:8969-G-A,MITO,,,"de novo, 70% heteroplasmy in blood",
RGP_1823,RGP_1823_3,RGP_1823_3,,1,1,WARS1,0,0,chr14:100346802-T-C,SNV_INDEL,,,Inherited from affected father,
RGP_57,RGP_57_3,RGP_57_3,,1,0,,,,,,,,,
RGP_421,RGP_421_3,RGP_421_3,,1,0,,,,,,,,,
RGP_1412,RGP_1412_3,RGP_1412_3,,0,0,,,,,,,,,
RGP_882,RGP_882_3,RGP_882_3,,1,0,,,,,,,,,
RGP_1487,RGP_1487_3,RGP_1487_3,,1,0,,,,,,,,,
RGP_8,RGP_8_3,RGP_8_3,,0,0,,,,,,,,,
RGP_1220,RGP_1220_3,RGP_1220_3,,0,0,,,,,,,,,
RGP_1644,RGP_1644_3,RGP_1644_3,,0,0,,,,,,,,,
RGP_563,RGP_563_3,RGP_563_3,,1,1,ACADM,0,0,chr1:75761161-A-G,SNV_INDEL,chr1:65674293,CNV_SV,SNV opposite a del (appears hom),21.27Mb del including ACADM and 81 other genes
RGP_1716,RGP_1716_3,RGP_1716_3,,1,0,,,,,,,,,
RGP_430,RGP_430_3,RGP_430_3,,1,0,,,,,,,,,
RGP_1712,RGP_1712_3,RGP_1712_3,,1,0,,,,,,,,,
RGP_1773,RGP_1773_3,RGP_1773_3,,0,0,,,,,,,,,
RGP_587,RGP_587_3,RGP_587_3,,1,0,TET3,0,0,chr2:74073606-C-T,SNV_INDEL,,,VUS,
RGP_1311,RGP_1311_3,RGP_1311_3,,0,0,,,,,,,,,
RGP_1198,RGP_1198_3,RGP_1198_3,,0,0,,,,,,,,,
RGP_1081,RGP_1081_3,RGP_1081_3,,1,0,,,,,,,,,
RGP_572,RGP_572_3,RGP_572_3,,1,0,,,,,,,,,
RGP_469,RGP_469_3,RGP_469_3,,1,0,,,,,,,,,
RGP_907,RGP_907_3,RGP_907_3,,1,0,,,,,,,,,
RGP_13,RGP_13_3,RGP_13_3,,1,0,,,,,,,,,
RGP_463,RGP_463_3,RGP_463_3,,1,0,,,,,,,,,
RGP_1606,RGP_1606_3,RGP_1606_3,,1,0,,,,,,,,,
RGP_149,RGP_149_3,RGP_149_3,,1,0,,,,,,,,,
RGP_314,RGP_314_3,RGP_314_3,,1,0,,,,,,,,,
RGP_409,RGP_409_3,RGP_409_3,,1,1,HNRNPH2,0,0,chrX:101412604-C-T,SNV_INDEL,,,Het de novo on X in a female,
RGP_897,RGP_897_3,RGP_897_3,,1,0,,,,,,,,,
RGP_1724,RGP_1724_3,RGP_1724_3,,1,0,,,,,,,,,
RGP_951,RGP_951_3,RGP_951_3,,0,0,,,,,,,,,
RGP_1017,RGP_1017_3,RGP_1017_3,,1,1,ASNS,0,0,chr7:97855147-CTAGTTT-C,SNV_INDEL,chr7:97858922-CT-C,SNV_INDEL,"Deep intronic, splice AI = 0.22, splice impact supported by RNASeq",
RGP_19,RGP_19_3,RGP_19_3,,1,1,PCGF2,0,0,chr17:38739601-G-A,SNV_INDEL,,,,
RGP_508,RGP_508_3,RGP_508_3,,1,1,NAA10,0,0,chrX:153934450-T-G,SNV_INDEL,,,Het de novo on X in a female,
RGP_1521,RGP_1521_3,RGP_1521_3,,1,0,,,,,,,,,
RGP_852,RGP_852_3,RGP_852_3,,0,0,,,,,,,,,
RGP_822,RGP_822_3,RGP_822_3,,0,0,,,,,,,,,
RGP_1464,RGP_1464_3,RGP_1464_3,,0,1,ATXN1,0,0,chr6:16327634,STR,,,Called by STR pipeline as 29/41 (CI 29-29/41-41),
RGP_1101,RGP_1101_3,RGP_1101_3,,1,0,,,,,,,,,
RGP_1836,RGP_1836_3,RGP_1836_3,,1,0,,,,,,,,,
RGP_1686,RGP_1686_3,RGP_1686_3,,1,0,,,,,,,,,
RGP_78,RGP_78_3,RGP_78_3,,1,0,TUBB8,0,1,chr10:47253-C-T,SNV_INDEL,,,"VUS-high, inherited from mother with subfertility",
RGP_1180,RGP_1180_3,RGP_1180_3,,1,0,,,,,,,,,
RGP_1242,RGP_1242_3,RGP_1242_3,,1,0,,,,,,,,,
RGP_1798,RGP_1798_3,RGP_1798_3,,0,0,,,,,,,,,
RGP_1617,RGP_1617_3,RGP_1617_3,,1,0,,,,,,,,,
RGP_855,RGP_855_3_D1,RGP_855_3_D1,,1,0,,,,,,,,,
RGP_441,RGP_441_3,RGP_441_3,,1,0,,,,,,,,,
RGP_228,RGP_228_3,RGP_228_3,,1,0,,,,,,,,,
RGP_594,RGP_594_3,RGP_594_3,,0,0,,,,,,,,,
RGP_1266,RGP_1266_3,RGP_1266_3,,0,0,WT1,0,0,chr11:32391981-C-A,SNV_INDEL,,,VUS-high,
RGP_577,RGP_577_3,RGP_577_3,,1,0,,,,,,,,,
RGP_1506,RGP_1506_3,RGP_1506_3,,0,0,,,,,,,,,
RGP_368,RGP_368_3,RGP_368_3,,0,0,,,,,,,,,
RGP_1739,RGP_1739_3,RGP_1739_3,,0,0,,,,,,,,,
RGP_844,RGP_844_3,RGP_844_3,,0,0,,,,,,,,,
RGP_25,RGP_25_3,RGP_25_3,,1,0,,,,,,,,,
RGP_1109,RGP_1109_3,RGP_1109_3,,0,0,,,,,,,,,
RGP_256,RGP_256_3,RGP_256_3,,1,1,DEGS1,0,0,chr1:224192357-ATGAC-A,SNV_INDEL,chr1:224184731,CNV_SV,,1:224184731-224191812dup (CN=3) - intragenic exon dup
RGP_1012,RGP_1012_3,RGP_1012_3,,1,0,,,,,,,,,
RGP_731,RGP_731_3,RGP_731_3,,1,0,,,,,,,,,
RGP_416,RGP_416_3,RGP_416_3,,1,1,NSD1,0,0,chr5:177267613-G-T,SNV_INDEL,,,,
RGP_1555,RGP_1555_3,RGP_1555_3,,1,0,,,,,,,,,
RGP_1073,RGP_1073_3,RGP_1073_3,,1,1,TCF4,0,0,chr18:55269828-C-A,SNV_INDEL,,,,
RGP_1396,RGP_1396_3,RGP_1396_3,,1,0,,,,,,,,,
RGP_906,RGP_906_3,RGP_906_3,,1,0,,,,,,,,,
RGP_1138,RGP_1138_3,RGP_1138_3,,0,0,,,,,,,,,
RGP_1703,RGP_1703_3,RGP_1703_3,,1,1,SPG11,0,0,chr15:44569997,CNV_SV,chr15:44627005-A-C,SNV_INDEL,"c.5867-3237 _6478-451del variant (intragenic deletion encompassing exons 31-34 of SPG11), Path","c.2068-498T>G, LP (splice impact confirmed by rnaseq)"
RGP_1236,RGP_1236_3,RGP_1236_3,,0,1,CAPN3,0,0,chr15:42359950-C-T,SNV_INDEL,chr15:42364582,CNV_SV,,15:42364582-42395592del encompassing exons 2-8 of CAPN3
RGP_1312,RGP_1312_3,RGP_1312_3,,0,0,,,,,,,,,
RGP_5,RGP_5_3,RGP_5_3,,1,0,,,,,,,,,
RGP_1160,RGP_1160_3,RGP_1160_3,,0,0,,,,,,,,,
RGP_1209,RGP_1209_3,RGP_1209_3,,0,0,CAPN3,0,0,chr15:42403721-C-G,SNV_INDEL,chr15:42399625-T-C,SNV_INDEL,VUS,VUS
RGP_1247,RGP_1247_3,RGP_1247_3,,1,0,DIAPH1,0,0,chr5:141582338-A-G,SNV_INDEL,,,"VUS, phenotype expansion for gene",
RGP_1831,RGP_1831_3,RGP_1831_3,,0,0,,,,,,,,,
RGP_766,RGP_766_3,RGP_766_3,,1,0,,,,,,,,,
RGP_1111,RGP_1111_3,RGP_1111_3,,1,0,,,,,,,,,
RGP_321,RGP_321_3,RGP_321_3,,1,0,DMRTA2,0,0,chr1:50421162-C-G,SNV_INDEL,,,Returned due to involvement in collaboration,
RGP_696,RGP_696_3,RGP_696_3,,1,0,,,,,,,,,
RGP_1159,RGP_1159_3,RGP_1159_3,,1,0,,,,,,,,,
RGP_916,RGP_916_3,RGP_916_3,,1,1,SMN1,0,0,chr5:70951941,GENE_SPECIFIC_CALLER,,,chr5:70951941-70951994del (SMN1 CN=0),
RGP_1399,RGP_1399_3,RGP_1399_3,,0,1,HNRNPDL,0,0,chr4:82426523-C-T,SNV_INDEL,,,,
RGP_657,RGP_657_3,RGP_657_3,,1,0,,,,,,,,,
RGP_1822,RGP_1822_3,RGP_1822_3,,1,0,,,,,,,,,
RGP_759,RGP_759_3,RGP_759_3,,1,0,,,,,,,,,
RGP_1221,RGP_1221_3,RGP_1221_3,,1,0,,,,,,,,,
RGP_1347,RGP_1347_3,RGP_1347_3,,1,0,,,,,,,,,
RGP_1590,RGP_1590_3,RGP_1590_3,,1,0,,,,,,,,,
RGP_1447,RGP_1447_3,RGP_1447_3,,0,0,,,,,,,,,
RGP_45,RGP_45_3,RGP_45_3,,1,0,,,,,,,,,
RGP_616,RGP_616_3,RGP_616_3,,1,0,,,,,,,,,
RGP_1072,RGP_1072_3,RGP_1072_3,,1,0,HMGCS1,0,0,chr5:43295854-C-G,SNV_INDEL,chr5:43298757-A-G,SNV_INDEL,VUS in GUS returned for involvement in publication,VUS in GUS returned for involvement in publication
RGP_1825,RGP_1825_3,RGP_1825_3,,1,0,MAP3K20,0,0,chr2:173209816-CACA-C,SNV_INDEL,,,"I'd call it VUS, but has been submitted to ClinVar as LP by the collaborators who published this case",
RGP_1374,RGP_1374_3,RGP_1374_3,,1,0,,,,,,,,,
RGP_1473,RGP_1473_3,RGP_1473_3,,1,0,,,,,,,,,
RGP_568,RGP_568_3,RGP_568_3,,0,0,PNKP,0,0,chr19:49867057-G-C,SNV_INDEL,chr19:49862369-A-G,SNV_INDEL,LP,VUS-high
RGP_1636,RGP_1636_3,RGP_1636_3,,0,0,,,,,,,,,
RGP_1253,RGP_1253_3,RGP_1253_3,,1,0,CPS1,0,0,chr2:210656562-C-A,SNV_INDEL,chr2:210575171-T-C,SNV_INDEL,VUS,VUS-high (supported by in vitro splice assay)
RGP_1727,RGP_1727_3,RGP_1727_3,,1,0,,,,,,,,,
RGP_1479,RGP_1479_3,RGP_1479_3,,1,0,,,,,,,,,
RGP_1731,RGP_1731_3,RGP_1731_3,,1,0,,,,,,,,,
RGP_56,RGP_56_3,RGP_56_3,,1,1,ATP1A3,0,0,chr19:41970476-A-T,SNV_INDEL,,,,
RGP_435,RGP_435_3,RGP_435_3,,1,0,,,,,,,,,
RGP_475,RGP_475_3,RGP_475_3,,1,0,,,,,,,,,
RGP_677,RGP_677_3,RGP_677_3,,1,0,TLK1,0,0,chr2:171007045-G-C,SNV_INDEL,,,Reported for involvement in a collaboration,
RGP_1201,RGP_1201_3,RGP_1201_3,,0,0,,,,,,,,,
RGP_732,RGP_732_3,RGP_732_3,,1,0,,,,,,,,,
RGP_1582,RGP_1582_3,RGP_1582_3,,0,0,,,,,,,,,
RGP_455,RGP_455_3,RGP_455_3,,1,0,MSH6,0,0,chr2:47800714-C-T,SNV_INDEL,,,Secondary finding,
RGP_1760,RGP_1760_3,RGP_1760_3,,1,0,,,,,,,,,
RGP_868,RGP_868_3,RGP_868_3,,1,0,,,,,,,,,
RGP_1147,RGP_1147_3,RGP_1147_3,,0,0,,,,,,,,,
RGP_1059,RGP_1059_3,RGP_1059_3,,1,0,,,,,,,,,
RGP_799,RGP_799_3,RGP_799_3,,0,0,ACTN2,0,0,chr1:236749124-A-G,SNV_INDEL,chr1:236749124-A-G,SNV_INDEL,Novel inheritance pattern for known disease gene,
RGP_1496,RGP_1496_3,RGP_1496_3,,1,0,,,,,,,,,
RGP_1058,RGP_1058_3,RGP_1058_3,,0,0,,,,,,,,,
RGP_1752,RGP_1752_3,RGP_1752_3,,1,0,,,,,,,,,
RGP_1067,RGP_1067_3,RGP_1067_3,,0,0,FAM111B,0,0,chr11:59125977-G-C,SNV_INDEL,,,VUS-high,
RGP_1127,RGP_1127_3,RGP_1127_3,,0,0,DMD,0,0,chrX:32128810-T-C,SNV_INDEL,,,VUS-high (pending confirmation of splice impact),
RGP_1354,RGP_1354_3,RGP_1354_3,,0,0,,,,,,,,,
RGP_4,RGP_4_3,RGP_4_3,,1,0,,,,,,,,,
RGP_870,RGP_870_3,RGP_870_3,,1,0,,,,,,,,,
RGP_664,RGP_664_3,RGP_664_3,,1,0,OGT,0,0,chrX:71561802-C-T,SNV_INDEL,,,Hemizygous on X in a male. Excluded due to presence in unaffected grandfather. ,
RGP_1370,RGP_1370_3,RGP_1370_3,,1,0,,,,,,,,,
RGP_1016,RGP_1016_3,RGP_1016_3,,1,0,,,,,,,,,
RGP_320,RGP_320_3,RGP_320_3,,1,1,MECP2,0,0,chrX:154031020-G-A,SNV_INDEL,,,,
RGP_1742,RGP_1742_3,RGP_1742_3,,0,1,ATXN2,0,0,chr12:111598950,STR,,,Genotype called by the STR pipeline was 22-22/33-33,
RGP_684,RGP_684_3,RGP_684_3,,1,1,TAOK1,0,0,chr17:29481896,CNV_SV,,,"17:29481896-29513880del, intragenic deletion of exons 8-15 of TAOK1. Present in only one of two affected sibs",
RGP_791,RGP_791_3,RGP_791_3,,1,0,,,,,,,,,
RGP_135,RGP_135_3,RGP_135_3,,0,0,,,,,,,,,
RGP_749,RGP_749_3,RGP_749_3,,1,0,,,,,,,,,
RGP_1377,RGP_1377_3,RGP_1377_3,,1,0,,,,,,,,,
RGP_1682,RGP_1682_3,RGP_1682_3,,1,0,,,,,,,,,
RGP_1238,RGP_1238_3,RGP_1238_3,,1,0,,,,,,,,,
RGP_1328,RGP_1328_3,RGP_1328_3,,0,0,,,,,,,,,
RGP_462,RGP_462_3,RGP_462_3,,1,0,AHCY,0,0,chr20:34295514-G-A,SNV_INDEL,chr20:34295514-G-A,SNV_INDEL,"VUS, ruled out through clinical testing",
RGP_1333,RGP_1333_3,RGP_1333_3,,0,0,,,,,,,,,
RGP_457,RGP_457_3,RGP_457_3,,1,0,,,,,,,,,
RGP_710,RGP_710_3,RGP_710_3,,1,0,,,,,,,,,
RGP_674,RGP_674_3,RGP_674_3,,1,0,,,,,,,,,
RGP_1372,RGP_1372_3,RGP_1372_3,,1,0,,,,,,,,,
RGP_655,RGP_655_3,RGP_655_3,,1,0,,,,,,,,,
RGP_1133,RGP_1133_3,RGP_1133_3,,1,1,NPC1,0,0,chr18:23535687-A-G,SNV_INDEL,chr18:23536811-G-A,SNV_INDEL,,
RGP_1181,RGP_1181_3,RGP_1181_3,,1,1,EHMT1,0,0,chr9:137743969-AG-A,SNV_INDEL,,,,
RGP_1556,RGP_1556_3,RGP_1556_3,,1,0,,,,,,,,,
RGP_1526,RGP_1526_3,RGP_1526_3,,1,0,,,,,,,,,
RGP_654,RGP_654_3,RGP_654_3,,1,0,,,,,,,,,
RGP_48,RGP_48_3,RGP_48_3,,1,0,BICC1,0,0,chr10:58813842-T-C,SNV_INDEL,,,VUS in emerging disease gene,Also reported a secondary finding in MLH1 in this case
RGP_2007,RGP_2007_3,RGP_2007_3,,1,0,,,,,,,,,
RGP_164,RGP_164_3,RGP_164_3,,1,0,ACADM,0,0,chr1:75761161-A-G,SNV_INDEL,,,Reported as carrier status,
RGP_266,RGP_266_3,RGP_266_3,,1,0,,,,,,,,,
RGP_1766,RGP_1766_3,RGP_1766_3,,0,0,,,,,,,,,
RGP_1855,RGP_1855_3,RGP_1855_3,,1,0,,,,,,,,,
RGP_1738,RGP_1738_3,RGP_1738_3,,1,0,,,,,,,,,
RGP_1065,RGP_1065_3,RGP_1065_3,,1,0,,,,,,,,,
RGP_477,RGP_477_3,RGP_477_3,,1,1,POLR2A,0,0,chr17:7508291-C-T,SNV_INDEL,,,,
RGP_1858,RGP_1858_3,RGP_1858_3,,1,0,,,,,,,,,
RGP_1096,RGP_1096_3,RGP_1096_3,,1,0,MT-CYB,0,0,chrM:15242-G-A,MITO,,,2% heteroplasmy,
RGP_881,RGP_881_3,RGP_881_3,,0,0,,,,,,,,,
RGP_1578,RGP_1578_3,RGP_1578_3,,0,0,,,,,,,,,
RGP_1646,RGP_1646_3,RGP_1646_3,,1,0,KDM5B,0,0,chr1:202736340,CNV_SV,chr1:202753029-G-A,SNV_INDEL,c.3136_3137insAlu,"VUS, moderate GDA"
RGP_80,RGP_80_3,RGP_80_3,,1,0,TUBB8,0,1,chr10:47353-T-C,SNV_INDEL,chr10:47359-G-A,SNV_INDEL,Two rare VUS in cis. Not really incomplete penetrance - this is a case of sex-limited expression,
RGP_692,RGP_692_3,RGP_692_3,,1,1,UBA5,0,0,chr3:132668887-G-GGA,SNV_INDEL,chr3:132675903-G-A,SNV_INDEL,,
RGP_1463,RGP_1463_3_D2,RGP_1463_3_D2,,1,0,LNPK,0,0,chr2:175947562-TG-T,SNV_INDEL,chr2:175939985-G-C,SNV_INDEL,LP,VUS-high
RGP_830,RGP_830_3,RGP_830_3,,0,1,GMPPB,0,0,chr3:49722057-G-A,SNV_INDEL,chr3:49723648-C-G,SNV_INDEL,,
RGP_1425,RGP_1425_3,RGP_1425_3,,1,0,,,,,,,,,
RGP_2008,RGP_2008_3,RGP_2008_3,,0,1,KRIT1,0,0,chr7:92214605-ACTTACTTTAGGAAAC-A,SNV_INDEL,,,,
RGP_273,RGP_273_3,RGP_273_3,,1,0,COL4A1,0,1,chr13:110210041-C-T,SNV_INDEL,,,"VUS/LP Complicated by the fact that this variant was first identified by AIP, so not counting as a diagnosis here.",
RGP_119,RGP_119_3_2,RGP_119_3,,1,1,RNU4-2,0,0,chr12:120291839-T-TA,SNV_INDEL,,,,
RGP_946,RGP_946_3,RGP_946_3,,1,0,,,,,,,,,
RGP_50,RGP_50_3,RGP_50_3,,1,0,,,,,,,,,
RGP_1360,RGP_1360_3,RGP_1360_3,,1,0,,,,,,,,,
RGP_790,RGP_790_3,RGP_790_3,,1,0,,,,,,,,,
RGP_1141,RGP_1141_3,RGP_1141_3,,0,0,,,,,,,,,
RGP_1507,RGP_1507_3,RGP_1507_3,,1,0,,,,,,,,,
RGP_170,RGP_170_3,RGP_170_3,,0,0,,,,,,,,,
RGP_1883,RGP_1883_3,RGP_1883_3,,1,0,,,,,,,,,
RGP_431,RGP_431_3,RGP_431_3,,1,0,THAP12,0,0,chr11:76352321-G-T,SNV_INDEL,chr11:76360961-CT-C,SNV_INDEL,VUS (novel gene),VUS (novel gene)
RGP_736,RGP_736_3,RGP_736_3,,1,1,SRP54,0,0,chr14:35007368-AAAC-A,SNV_INDEL,,,"Fails VQSR filters, GQ and AB are good.",
RGP_405,RGP_405_3,RGP_405_3,,1,1,FBXO11,0,0,chr2:47808215-GAC-G,SNV_INDEL,,,,
RGP_681,RGP_681_3,RGP_681_3,,1,1,CTNNB1,0,0,chr3:41225731-CT-C,SNV_INDEL,,,,
RGP_829,RGP_829_3,RGP_829_3,,0,0,,,,,,,,,
RGP_1770,RGP_1770_3,RGP_1770_3,,1,0,,,,,,,,,
RGP_1777,RGP_1777_3,RGP_1777_3,,1,0,CASK,0,0,chrX:41853208-G-A,SNV_INDEL,,,"Considered diagnostic, but marked as unsolved here since the was not called in short read data (only present on 2 reads) - detected by long read. ",
RGP_105,RGP_105_3,RGP_105_3,,0,0,,,,,,,,,
RGP_1547,RGP_1547_3,RGP_1547_3,,0,0,,,,,,,,,
RGP_1697,RGP_1697_3,RGP_1697_3,,1,0,,,,,,,,,
RGP_1497,RGP_1497_3,RGP_1497_3,,1,0,,,,,,,,,
RGP_809,RGP_809_3,RGP_809_3,,0,0,,,,,,,,,
RGP_465,RGP_465_3,RGP_465_3,,1,0,FRMPD4,0,0,chrX:12718424-T-C,SNV_INDEL,,,Hemizygous on X in a male. Excluded since maternal grandfather carriest the variant.,
RGP_1569,RGP_1569_3,RGP_1569_3,,1,0,,,,,,,,,
RGP_1322,RGP_1322_3,RGP_1322_3,,1,0,,,,,,,,,
RGP_437,RGP_437_3,RGP_437_3,,0,1,ARID1B,0,0,chr6:157200782-C-G,SNV_INDEL,,,,
RGP_853,RGP_853_3,RGP_853_3,,1,0,,,,,,,,,
RGP_875,RGP_875_3,RGP_875_3,,0,0,,,,,,,,,
RGP_800,RGP_800_3,RGP_800_3,,0,0,,,,,,,,,
RGP_835,RGP_835_3,RGP_835_3,,0,0,,,,,,,,,
RGP_806,RGP_806_3,RGP_806_3,,0,0,,,,,,,,,
RGP_1772,RGP_1772_3,RGP_1772_3,,1,0,,,,,,,,,
RGP_528,RGP_528_3,RGP_528_3,,1,0,,,,,,,,,
RGP_978,RGP_978_3,RGP_978_3,,0,0,,,,,,,,,
RGP_1346,RGP_1346_3,RGP_1346_3,,1,0,,,,,,,,,
RGP_375,RGP_375_3,RGP_375_3,,0,0,,,,,,,,,
RGP_1698,RGP_1698_3,RGP_1698_3,,1,0,,,,,,,,,
RGP_1337,RGP_1337_3,RGP_1337_3,,1,0,,,,,,,,,
RGP_466,RGP_466_3,RGP_466_3,,1,0,MIPEP,0,0,chr13:23809851-T-G,SNV_INDEL,chr13:23874908-G-A,SNV_INDEL,VUS-high,LP
RGP_911,RGP_911_3,RGP_911_3,,0,0,,,,,,,,,
RGP_1315,RGP_1315_3_D2,RGP_1315_3_D2,,1,0,,,,,,,,,
RGP_1512,RGP_1512_3_D2,RGP_1512_3_D2,,0,0,,,,,,,,,
RGP_24,RGP_24_3,RGP_24_3,,1,0,,,,,,,,,
RGP_1259,RGP_1259_3,RGP_1259_3,,0,0,,,,,,,,,
RGP_1430,RGP_1430_3,RGP_1430_3,,0,0,,,,,,,,,
RGP_1726,RGP_1726_3,RGP_1726_3,,1,1,AFG3L2,0,0,chr18:12340306-C-T,SNV_INDEL,chr18:12344162-C-T,SNV_INDEL,,
RGP_550,RGP_550_3,RGP_550_3,,1,0,,,,,,,,,
RGP_1366,RGP_1366_3,RGP_1366_3,,0,0,,,,,,,,,
RGP_554,RGP_554_3,RGP_554_3,,1,0,,,,,,,,,
RGP_686,RGP_686_3,RGP_686_3,,1,0,,,,,,,,,
RGP_950,RGP_950_3,RGP_950_3,,1,1,ATRX,0,0,chrX:77618912-A-G,SNV_INDEL,,,Hemizygous SNV on X in a male,
RGP_1395,RGP_1395_3,RGP_1395_3,,1,0,,,,,,,,,
RGP_1714,RGP_1714_3,RGP_1714_3,,1,0,POLR1D,0,1,chr13:27622858-AAAAAATATGTGTGTAG-A,SNV_INDEL,,,VUS due to conflicting info from splice assay,
RGP_62,RGP_62_3,RGP_62_3,,1,0,,,,,,,,,
RGP_1484,RGP_1484_3,RGP_1484_3,,1,0,,,,,,,,,
RGP_362,RGP_362_3,RGP_362_3,,1,1,SMAD4,0,0,chr18:51078294-C-T,SNV_INDEL,,,,
RGP_1427,RGP_1427_3,RGP_1427_3,,0,0,,,,,,,,,
RGP_1413,RGP_1413_3,RGP_1413_3,,0,0,,,,,,,,,
RGP_1150,RGP_1150_3,RGP_1150_3,,0,0,,,,,,,,,
RGP_346,RGP_346_3,RGP_346_3,,1,0,,,,,,,,,
RGP_956,RGP_956_3,RGP_956_3,,1,1,WDR45,0,0,chrX:49075573-G-A,SNV_INDEL,,,De novo on X in a female,
RGP_619,RGP_619_3,RGP_619_3,,0,0,,,,,,,,,
RGP_1846,RGP_1846_3,RGP_1846_3,,0,0,,,,,,,,,
RGP_561,RGP_561_3,RGP_561_3,,1,0,,,,,,,,,
RGP_399,RGP_399_3,RGP_399_3,,0,0,,,,,,,,,
RGP_604,RGP_604_3,RGP_604_3,,1,0,,,,,,,,,
RGP_1434,RGP_1434_3,RGP_1434_3,,1,0,ACTN2,0,0,chr1:236761166-CT-C,SNV_INDEL,,,"VUS-high (protein extending frameshift, we are involved in a collaboration demonstrating these variants are likley to be disease causing in ACTN2). Inherited from affected father. ",
RGP_240,RGP_240_3,RGP_240_3,,1,1,DLG4,0,0,chr17:7190808-AC-A,SNV_INDEL,,,"MNV, accurate call is chr17:7190805-CACCT-T. 17:7190808AC>A and 17:7190802CCCT>C are the component calls in the vcf. Only added the frameshifting one here. ",
RGP_233,RGP_233_3,RGP_233_3,,1,0,,,,,,,,,
RGP_798,RGP_798_3,RGP_798_3,,0,0,,,,,,,,,
RGP_12,RGP_12_3,RGP_12_3,,1,0,,,,,,,,,
RGP_95,RGP_95_3,RGP_95_3,,0,0,,,,,,,,,
RGP_1145,RGP_1145_3,RGP_1145_3,,1,0,COL4A4,0,0,chr2:227080495-C-T,SNV_INDEL,,,Considered a partial solve but marking as unsolved here since the variatn was first identified by AIP,
RGP_885,RGP_885_3,RGP_885_3,,0,0,,,,,,,,,
RGP_1750,RGP_1750_3,RGP_1750_3,,1,0,,,,,,,,,
RGP_1087,RGP_1087_3,RGP_1087_3,,1,0,,,,,,,,,
RGP_1036,RGP_1036_3,RGP_1036_3,,0,0,,,,,,,,,
RGP_543,RGP_543_3,RGP_543_3,,1,0,,,,,,,,,
RGP_297,RGP_297_3,RGP_297_3,,0,0,,,,,,,,,
RGP_426,RGP_426_3,RGP_426_3,,1,1,EP300,0,0,chr22:41152220-CTG-C,SNV_INDEL,,,,
RGP_1183,RGP_1183_3,RGP_1183_3,,0,0,,,,,,,,,
RGP_1018,RGP_1018_3,RGP_1018_3,,0,1,CAPN3,0,0,chr15:42401754-C-T,SNV_INDEL,chr15:42401754-C-T,SNV_INDEL,,
RGP_1725,RGP_1725_3,RGP_1725_3,,0,0,,,,,,,,,
RGP_1268,RGP_1268_3,RGP_1268_3,,1,0,,,,,,,,,
RGP_821,RGP_821_3,RGP_821_3,,1,0,,,,,,,,,
RGP_898,RGP_898_3,RGP_898_3,,1,0,,,,,,,,,
RGP_947,RGP_947_3,RGP_947_3,,0,0,,,,,,,,,
RGP_957,RGP_957_3,RGP_957_3,,1,0,MED16,0,0,chr19:880139-A-T,SNV_INDEL,chr19:886149-G-C,SNV_INDEL,VUS in GUS returned for involvement in publication,VUS in GUS returned for involvement in publication
RGP_1364,RGP_1364_3,RGP_1364_3,,0,0,,,,,,,,,
RGP_1847,RGP_1847_3,RGP_1847_3,,1,0,,,,,,,,,
RGP_836,RGP_836_3,RGP_836_3,,1,0,,,,,,,,,
RGP_248,RGP_248_3,RGP_248_3,,1,0,RNU4ATAC,0,0,chr2:121530927-G-A,SNV_INDEL,,,LP,VUS
RGP_1864,RGP_1864_3,RGP_1864_3,,1,0,,,,,,,,,
RGP_1297,RGP_1297_3,RGP_1297_3,,0,0,,,,,,,,,
RGP_1740,RGP_1740_3,RGP_1740_3,,1,0,,,,,,,,,
RGP_7,RGP_7_3,RGP_7_3,,1,0,,,,,,,,,
RGP_1620,RGP_1620_3,RGP_1620_3,,1,0,,,,,,,,,
RGP_284,RGP_284_3,RGP_284_3,,0,0,,,,,,,,,
RGP_1136,RGP_1136_3,RGP_1136_3,,1,0,,,,,,,,,
RGP_1233,RGP_1233_3,RGP_1233_3,,0,0,,,,,,,,,
RGP_954,RGP_954_3,RGP_954_3,,0,0,,,,,,,,,
RGP_1068,RGP_1068_3,RGP_1068_3,,1,0,POMGNT2,0,0,chr3:43080996-G-A,SNV_INDEL,chr3:43079750-C-T,SNV_INDEL,VUS,VUS
RGP_467,RGP_467_3,RGP_467_3,,1,0,,,,,,,,,
RGP_1786,RGP_1786_3,RGP_1786_3,,1,0,,,,,,,,,
RGP_792,RGP_792_3,RGP_792_3,,0,0,,,,,,,,,
RGP_893,RGP_893_3,RGP_893_3,,1,0,,,,,,,,,
RGP_981,RGP_981_3,RGP_981_3,,0,0,,,,,,,,,
RGP_1409,RGP_1409_3,RGP_1409_3,,1,0,,,,,,,,,
RGP_876,RGP_876_3,RGP_876_3,,1,0,,,,,,,,,
RGP_1393,RGP_1393_3,RGP_1393_3,,0,0,,,,,,,,,
RGP_1281,RGP_1281_3,RGP_1281_3,,0,1,CNBP,0,0,chr3:129172577,STR,,,Variant called by STR pipeline was 16/402 (16-16/377-634),
RGP_1452,RGP_1452_3,RGP_1452_3,,0,1,RFC1,0,0,chr4:39348425,STR,chr4:39348425,STR,STR pipeline called this individual's genotype as 78/78 ( 30-102/53-149),
RGP_636,RGP_636_3,RGP_636_3,,1,0,KMT2D,0,0,chr12:49054901-T-C,SNV_INDEL,,,VUS-high,
RGP_1291,RGP_1291_3,RGP_1291_3,,1,0,,,,,,,,,
RGP_1549,RGP_1549_3,RGP_1549_3,,0,0,,,,,,,,,
RGP_1090,RGP_1090_3,RGP_1090_3,,0,0,,,,,,,,,
RGP_1792,RGP_1792_3,RGP_1792_3,,1,0,,,,,,,,,
RGP_1713,RGP_1713_3,RGP_1713_3,,1,1,TTN,0,0,chr2:178568521-TG-T,SNV_INDEL,,,This is actually digenic inheritance with SRPK3 (X:153784940-G-A),
RGP_232,RGP_232_3,RGP_232_3,,1,0,,,,,,,,,
RGP_1448,RGP_1448_3,RGP_1448_3,,1,0,,,,,,,,,
RGP_1174,RGP_1174_3,RGP_1174_3,,0,0,,,,,,,,,
RGP_1732,RGP_1732_3,RGP_1732_3,,0,0,,,,,,,,,
RGP_500,RGP_500_3,RGP_500_3,,1,1,GABRA1,0,0,chr5:161895675-CTGTGCTCACCATGACAACAT-C,SNV_INDEL,,,,
RGP_450,RGP_450_3,RGP_450_3,,1,1,CLTC,0,0,chr17:59664785-AG-A,SNV_INDEL,,,"There's also an AGO1 de novo we plan to return in this family (completely overlapping phenotypes, equivalently strong variants). The AGO1 was resurfaced by AIP.",
RGP_1075,RGP_1075_3,RGP_1075_3,,0,0,,,,,,,,,
RGP_1554,RGP_1554_3,RGP_1554_3,,1,0,,,,,,,,,
RGP_245,RGP_245_3,RGP_245_3,,1,0,,,,,,,,,
RGP_1214,RGP_1214_3,RGP_1214_3,,1,0,,,,,,,,,
RGP_562,RGP_562_3,RGP_562_3,,0,0,,,,,,,,,
RGP_476,RGP_476_3,RGP_476_3,,1,1,KCNC1,0,0,chr11:17772388-G-A,SNV_INDEL,,,,LP
RGP_1643,RGP_1643_3,RGP_1643_3,,1,0,DNM1L,0,0,chr12:32701433-G-A,SNV_INDEL,,,"VUS-high, low level mosaic in a parent (not called on WGS)",
RGP_402,RGP_402_3,RGP_402_3,,1,0,,,,,,,,,
RGP_20,RGP_20_3,RGP_20_3,,0,0,,,,,,,,,
RGP_869,RGP_869_3,RGP_869_3,,0,0,,,,,,,,,
RGP_679,RGP_679_3,RGP_679_3,,1,0,,,,,,,,,
RGP_796,RGP_796_3,RGP_796_3,,0,0,,,,,,,,,
RGP_918,RGP_918_3,RGP_918_3,,0,0,,,,,,,,,
RGP_1635,RGP_1635_3,RGP_1635_3,,1,1,CAPN3,0,0,chr15:42360050-C-T,SNV_INDEL,chr15:42412307-T-C,SNV_INDEL,Path,"LP (previously reported 3'UTR, hypomorphic allele, possible impact to polyA site)"
RGP_1193,RGP_1193_3,RGP_1193_3,,1,0,,,,,,,,,
RGP_1316,RGP_1316_3,RGP_1316_3,,1,0,,,,,,,,,
RGP_688,RGP_688_3,RGP_688_3,,1,0,,,,,,,,,
RGP_891,RGP_891_3,RGP_891_3,,1,0,,,,,,,,,
RGP_607,RGP_607_3,RGP_607_3,,1,0,,,,,,,,,
RGP_1170,RGP_1170_3,RGP_1170_3,,0,0,,,,,,,,,
RGP_858,RGP_858_3,RGP_858_3,,1,0,,,,,,,,,
RGP_1600,RGP_1600_3,RGP_1600_3,,1,1,HPRT1,0,0,chr17:1752848,CNV_SV,,,"46,X,t(X;17){q26;p13) (NC_000023.ll:g.134488286_qterdelins[NC_000017.ll:g.1752847 _pter]; NC_0000l 7 .11:g.pter _1752850delins[NC_000023.11:g.134488277 _qter])",
RGP_1303,RGP_1303_3,RGP_1303_3,,0,0,TARDBP,0,0,chr1:11022536-G-T,SNV_INDEL,,,Mother is questionably affected,
RGP_215,RGP_215_3,RGP_215_3,,1,0,,,,,,,,,
RGP_880,RGP_880_3,RGP_880_3,,1,0,,,,,,,,,
RGP_805,RGP_805_3,RGP_805_3,,0,0,,,,,,,,,
RGP_1597,RGP_1597_3,RGP_1597_3,,0,0,,,,,,,,,
RGP_452,RGP_452_3,RGP_452_3,,1,0,,,,,,,,,
RGP_519,RGP_519_3,RGP_519_3,,1,0,,,,,,,,,
RGP_552,RGP_552_3,RGP_552_3,,1,0,,,,,,,,,
RGP_74,RGP_74_3_2,RGP_74_3,,1,1,MSN,0,0,chrX:65731150-C-T,SNV_INDEL,,,De novo hemizygous in male,
RGP_1125,RGP_1125_3,RGP_1125_3,,0,0,,,,,,,,,
RGP_610,RGP_610_3,RGP_610_3,,1,1,GNAI1,0,0,chr7:80212805-G-C,SNV_INDEL,,,,
RGP_1544,RGP_1544_3,RGP_1544_3,,0,0,,,,,,,,,
RGP_1021,RGP_1021_3,RGP_1021_3,,0,1,RYR1,0,0,chr19:38573304-C-T,SNV_INDEL,chr19:38573304-C-T,SNV_INDEL,,
RGP_94,RGP_94_3,RGP_94_3,,1,0,CHASERR,0,0,chr15:92868091,CNV_SV,,,15:92868091-92890452del (CN=1) impacting long non-coding RNA LINC01578/CHASERR adjacent to CHD2 locus. VUS,
RGP_1625,RGP_1625_3,RGP_1625_3,,1,0,,,,,,,,,
RGP_1762,RGP_1762_3,RGP_1762_3,,0,0,,,,,,,,,
RGP_312,RGP_312_3,RGP_312_3,,1,0,ADAT3,0,0,chr19:19:1912633-G-T,SNV_INDEL,chr19:1912634-C-T,SNV_INDEL,"MNV (chr19:1912632-GC-TT) on dad's allele, with only 19:1912634-C-T on mom's allele. VUS?",
RGP_53,RGP_53_3,RGP_53_3,,1,0,,,,,,,,,
RGP_1840,RGP_1840_3,RGP_1840_3,,1,0,UPF1,0,0,chr19:18856275-G-A,SNV_INDEL,,,Returned for involvement in collaboration.,
RGP_1568,RGP_1568_3,RGP_1568_3,,1,0,,,,,,,,,
RGP_86,RGP_86_3,RGP_86_3,,1,0,,,,,,,,,
RGP_54,RGP_54_3,RGP_54_3,,1,0,,,,,,,,,
RGP_1419,RGP_1419_3,RGP_1419_3,,1,0,,,,,,,,,
RGP_1106,RGP_1106_3,RGP_1106_3,,0,1,PI4KA,0,0,chr22:20799245-G-A,SNV_INDEL,chr22:20726493-C-T,SNV_INDEL,,
RGP_1000,RGP_1000_2,RGP_1000_2,,0,0,CAPN3,0,0,chr15:42388928-G-C,SNV_INDEL,chr15:42399607-C-T,SNV_INDEL,VUS,LP
RGP_1444,RGP_1444_3,RGP_1444_3,,1,0,,,,,,,,,
RGP_1085,RGP_1085_3,RGP_1085_3,,0,0,,,,,,,,,
RGP_1028,RGP_1028_3,RGP_1028_3,,0,0,,,,,,,,,
RGP_682,RGP_682_3,RGP_682_3,,0,0,,,,,,,,,
RGP_1675,RGP_1675_3,RGP_1675_3,,0,1,ANO5,0,0,chr11:22274605-C-T,SNV_INDEL,chr11:22214835,CNV_SV,,"chr11:22214835-22221540del, 6.7kb del of exons 4 and 5"
RGP_812,RGP_812_3,RGP_812_3,,0,0,,,,,,,,,
RGP_1694,RGP_1694_3,RGP_1694_3,,1,0,,,,,,,,,
RGP_1543,RGP_1543_3,RGP_1543_3,,0,0,,,,,,,,,
RGP_440,RGP_440_3,RGP_440_3,,1,1,GNB1,0,0,chr1:1806503-A-G,SNV_INDEL,,,,
RGP_512,RGP_512_3,RGP_512_3,,0,0,,,,,,,,,
RGP_863,RGP_863_3,RGP_863_3,,1,1,FGFR2,0,0,chr10:121517378-C-T,SNV_INDEL,,,,
RGP_1780,RGP_1780_3,RGP_1780_3,,1,0,,,,,,,,,
RGP_1477,RGP_1477_3,RGP_1477_3,,1,0,DCX,0,0,chrX:111335947-C-T,SNV_INDEL,,,"Hemizygous deep intronic variant (splice AI=0.330), VUS",
RGP_1027,RGP_1027_3,RGP_1027_3,,0,1,ANO5,0,0,chr11:22221100-C-CA,SNV_INDEL,chr11:22276096-A-G,SNV_INDEL,,
RGP_1335,RGP_1335_3,RGP_1335_3,,1,0,,,,,,,,,
RGP_854,RGP_854_3,RGP_854_3,,0,1,AGL,0,0,chr1:99876555-TG-T,SNV_INDEL,chr1:99876555-TG-T,SNV_INDEL,,
RGP_1593,RGP_1593_3,RGP_1593_3,,0,0,TTI1,0,0,chr20:37983485-C-T,SNV_INDEL,chr20:38013711-G-A,SNV_INDEL,VUS,LP
RGP_1336,RGP_1336_3,RGP_1336_3,,1,0,,,,,,,,,
RGP_107,RGP_107_3,RGP_107_3,,1,0,,,,,,,,,
RGP_925,RGP_925_3,RGP_925_3,,1,0,CLPP,0,0,chr19:6360579,CNV_SV,chr19:6364604-C-T,SNV_INDEL,"19:6360579-6362158del,  encompasses 5'UTR and exons 1-2 of CLPP",VUS-high (could argue for pushing to LP with phenotype specificity)
RGP_1392,RGP_1392_3,RGP_1392_3,,0,0,,,,,,,,,
RGP_735,RGP_735_3,RGP_735_3,,1,0,CDK16,0,0,chrX:47225822-A-G,SNV_INDEL,,,"Novel gene, returned for involvement in collaboration",
RGP_123,RGP_123_3,RGP_123_3,,1,0,,,,,,,,,
RGP_1876,RGP_1876_3,RGP_1876_3,,1,0,TUBA1B,0,0,chr12:49129345-T-A,SNV_INDEL,,,"Novel gene, returned for involvement in collaboration",
RGP_1630,RGP_1630_3_D2,RGP_1630_3_D2,,1,0,,,,,,,,,
RGP_2001,RGP_2001_3,RGP_2001_3,,0,0,,,,,,,,,
RGP_770,RGP_770_3,RGP_770_3,,1,0,HCN2,0,0,chr19:590560-C-A,SNV_INDEL,chr19:607971-C-T,SNV_INDEL,"Novel inheritance pattern, returned for involvement in collaboration",de novo on dad's allele
RGP_1474,RGP_1474_3,RGP_1474_3,,1,0,,,,,,,,,
RGP_485,RGP_485_3,RGP_485_3,,1,1,CHD7,0,0,chr8:60856553-GC-G,SNV_INDEL,,,,
RGP_1375,RGP_1375_3,RGP_1375_3,,1,0,,,,,,,,,
RGP_1741,RGP_1741_3,RGP_1741_3,,0,0,,,,,,,,,
RGP_231,RGP_231_3,RGP_231_3,,1,1,CLCN3,0,0,chr4:169704143-C-T,SNV_INDEL,,,,
RGP_1674,RGP_1674_3,RGP_1674_3,,1,0,,,,,,,,,
RGP_1532,RGP_1532_3,RGP_1532_3,,1,0,PAX5,0,0,chr9:36966668-G-A,SNV_INDEL,,,VUS,
RGP_1704,RGP_1704_3,RGP_1704_3,,0,0,STIM1,0,0,chr11:4023916-A-G,SNV_INDEL,,,VUS returned to enable further clinical correlation,
RGP_1546,RGP_1546_3,RGP_1546_3,,0,1,DMD,0,0,chrX:32487686,CNV_SV,,,X:32487686-32645423del - 158kb del encompassing exons 10-20 of DMD,
RGP_1490,RGP_1490_3,RGP_1490_3,,1,0,,,,,,,,,
RGP_1706,RGP_1706_3,RGP_1706_3,,1,0,,,,,,,,,
RGP_1234,RGP_1234_3,RGP_1234_3,,0,0,,,,,,,,,
RGP_1263,RGP_1263_3,RGP_1263_3,,0,0,,,,,,,,,
RGP_495,RGP_495_3,RGP_495_3,,1,0,,,,,,,,,
RGP_1433,RGP_1433_3,RGP_1433_3,,1,0,PUM1,0,0,chr1:30935800,CNV_SV,,,"1:30935800-30950000 CN=4. Known gene, new phenotype",
RGP_780,RGP_780_3,RGP_780_3,,1,0,,,,,,,,,
RGP_1585,RGP_1585_3,RGP_1585_3,,0,0,DOK7,0,0,chr4:3485537-A-G,SNV_INDEL,chr4:3493106-A-AGCCT,SNV_INDEL,VUS-high,Path
RGP_1438,RGP_1438_3,RGP_1438_3,,0,1,PAX2,0,0,chr10:100749771-C-CG,SNV_INDEL,,,,
RGP_1320,RGP_1320_3,RGP_1320_3,,0,0,,,,,,,,,
RGP_230,RGP_230_3,RGP_230_3,,1,0,,,,,,,,,
RGP_697,RGP_697_3,RGP_697_3,,0,1,WFS1,0,0,chr4:6301742-CTA-C,SNV_INDEL,chr4:6301415-G-A,SNV_INDEL,,
RGP_762,RGP_762_3,RGP_762_3,,1,0,,,,,,,,,
RGP_1339,RGP_1339_3,RGP_1339_3,,0,0,,,,,,,,,
RGP_1197,RGP_1197_3,RGP_1197_3,,0,1,CNGB1,0,0,chr16:57901371-T-A,SNV_INDEL,chr16:57901371-T-A,SNV_INDEL,,
RGP_1577,RGP_1577_3,RGP_1577_3,,0,0,,,,,,,,,
RGP_658,RGP_658_3,RGP_658_3,,1,0,,,,,,,,,
RGP_1099,RGP_1099_3,RGP_1099_3,,0,0,,,,,,,,,
RGP_126,RGP_126_3,RGP_126_3,,0,0,,,,,,,,,
RGP_1553,RGP_1553_3,RGP_1553_3,,0,1,CNBP,0,0,chr3:129172577,STR,,,Genotype from STR calling pipeline was 16/469 (16-16/434-679),
RGP_1115,RGP_1115_3,RGP_1115_3,,0,0,,,,,,,,,
RGP_1243,RGP_1243_3,RGP_1243_3,,0,0,,,,,,,,,
RGP_1149,RGP_1149_3,RGP_1149_3,,0,0,EBF2,0,0,chr8:26033143-C-A,SNV_INDEL,,,Returned due to involvement in collaboration,
RGP_1504,RGP_1504_3,RGP_1504_3,,1,0,,,,,,,,,
RGP_1126,RGP_1126_3,RGP_1126_3,,1,0,,,,,,,,,
RGP_410,RGP_410_3,RGP_410_3,,1,0,,,,,,,,,
RGP_726,RGP_726_3,RGP_726_3,,0,0,,,,,,,,,
RGP_522,RGP_522_3,RGP_522_3,,0,0,,,,,,,,,
RGP_1857,RGP_1857_3,RGP_1857_3,,1,0,,,,,,,,,
RGP_22,RGP_22_3,RGP_22_3,,1,0,,,,,,,,,
RGP_1157,RGP_1157_3,RGP_1157_3,,1,0,COL6A6,0,0,chr3:130571133-G-A,SNV_INDEL,chr3:130662309-G-A,SNV_INDEL,"Novel GDA, reported for involvement in followup study",
RGP_1498,RGP_1498_3,RGP_1498_3,,0,0,,,,,,,,,
RGP_23,RGP_23_3,RGP_23_3,,1,0,,,,,,,,,
RGP_1089,RGP_1089_3,RGP_1089_3,,0,0,,,,,,,,,
RGP_1118,RGP_1118_3,RGP_1118_3,,1,0,PMS2,0,0,chr7:5986933-A-AT,SNV_INDEL,,,Secondary finding,
RGP_1684,RGP_1684_3,RGP_1684_3,,1,0,,,,,,,,,
RGP_1443,RGP_1443_3,RGP_1443_3,,0,0,,,,,,,,,
RGP_1305,RGP_1305_3,RGP_1305_3,,0,0,,,,,,,,,
RGP_1629,RGP_1629_3,RGP_1629_3,,0,0,,,,,,,,,
RGP_1820,RGP_1820_3,RGP_1820_3,,0,0,,,,,,,,,
RGP_590,RGP_590_3,RGP_590_3,,0,1,GRIN2A,0,0,chr16:9764502-C-T,SNV_INDEL,,,,
RGP_183,RGP_183_3,RGP_183_3,,1,1,KMT2C,0,0,chr7:152222037-GT-G,SNV_INDEL,,,,
RGP_995,RGP_995_3,RGP_995_3,,0,0,,,,,,,,,
RGP_434,RGP_434_3,RGP_434_3,,1,0,PPIL1,0,0,chr6:36855935-T-C,SNV_INDEL,chr6:36871796-G-A,SNV_INDEL,,
RGP_774,RGP_774_3,RGP_774_3,,0,1,FKRP,0,0,chr19:46756276-C-A,SNV_INDEL,chr19:46756276-C-A,SNV_INDEL,,
RGP_1637,RGP_1637_3,RGP_1637_3,,0,1,NOTCH2NLC,0,0,chr1:149390803,STR,,,GGC[13]>GGC[73-119],
RGP_1308,RGP_1308_3,RGP_1308_3,,1,0,,,,,,,,,
RGP_1862,RGP_1862_3,RGP_1862_3,,0,0,,,,,,,,,
RGP_1685,RGP_1685_3,RGP_1685_3,,0,0,,,,,,,,,
RGP_1228,RGP_1228_3,RGP_1228_3,,0,0,,,,,,,,,
RGP_817,RGP_817_3,RGP_817_3,,0,0,,,,,,,,,
RGP_1186,RGP_1186_3,RGP_1186_3,,0,0,,,,,,,,,
RGP_1456,RGP_1456_3,RGP_1456_3,,1,0,,,,,,,,,
RGP_1581,RGP_1581_3,RGP_1581_3,,0,0,,,,,,,,,
RGP_927,RGP_927_3,RGP_927_3,,0,0,,,,,,,,,
RGP_1669,RGP_1669_3,RGP_1669_3,,1,0,,,,,,,,,
RGP_1006,RGP_1006_3,RGP_1006_3,,0,0,KCNJ2,0,0,chr17:70175689-T-G,SNV_INDEL,,,VUS,
RGP_1084,RGP_1084_3,RGP_1084_3,,0,1,LMNA,0,0,chr1:156115017-G-T,SNV_INDEL,,,Not yet assessed by us but Path by Invitae in ClinVar,
RGP_1175,RGP_1175_3,RGP_1175_3,,0,0,,,,,,,,,
RGP_570,RGP_570_3,RGP_570_3,,0,0,,,,,,,,,
RGP_826,RGP_826_3,RGP_826_3,,0,0,,,,,,,,,
RGP_526,RGP_526_3,RGP_526_3,,0,1,CHD8,0,1,chr14:21412981-T-TA,SNV_INDEL,,,,
RGP_1173,RGP_1173_3,RGP_1173_3,,1,1,KIF1A,0,0,chr2:240783791-A-G,SNV_INDEL,,,,
RGP_504,RGP_504_3,RGP_504_3,,0,0,,,,,,,,,
RGP_938,RGP_938_3,RGP_938_3,,1,0,DYNC1H1,0,0,chr14:101994730-C-T,SNV_INDEL,,,VUS-high,
RGP_1565,RGP_1565_3,RGP_1565_3,,1,0,,,,,,,,,
RGP_1500,RGP_1500_3,RGP_1500_3,,0,0,,,,,,,,,
RGP_904,RGP_904_3,RGP_904_3,,0,1,UBTF,0,0,chr17:44212851-C-T,SNV_INDEL,,,,
RGP_1056,RGP_1056_3,RGP_1056_3,,1,0,,,,,,,,,
RGP_1041,RGP_1041_3,RGP_1041_3,,0,0,,,,,,,,,
RGP_673,RGP_673_3,RGP_673_3,,1,0,,,,,,,,,
RGP_2005,RGP_2005_3,RGP_2005_3,,1,0,,,,,,,,,
RGP_1139,RGP_1139_3,RGP_1139_3,,0,1,SACS,0,0,13:23330526-C-T,SNV_INDEL,chr13:22751500,CNV_SV,,"13:22751500-24356106del; 1.42Mb contiguous gene deletion on 13q12.12, including SACS"
RGP_1385,RGP_1385_3,RGP_1385_3,,0,0,,,,,,,,,
RGP_464,RGP_464_3,RGP_464_3,,1,0,,,,,,,,,
RGP_779,RGP_779_3,RGP_779_3,,0,1,GMPPB,0,0,chr3:49723648-C-G,SNV_INDEL,chr3:49722056-C-T,SNV_INDEL,,
RGP_1295,RGP_1295_3,RGP_1295_3,,0,0,,,,,,,,,
RGP_1055,RGP_1055_3,RGP_1055_3,,0,0,,,,,,,,,
RGP_589,RGP_589_3,RGP_589_3,,0,0,,,,,,,,,
RGP_1103,RGP_1103_3,RGP_1103_3,,1,1,NALCN,0,0,chr13:101229500-C-A,SNV_INDEL,,,,
RGP_763,RGP_763_3,RGP_763_3,,0,0,,,,,,,,,
RGP_218,RGP_218_3,RGP_218_3,,1,0,UBA5,0,0,chr3:132675903-G-A,SNV_INDEL,chr3:132675248-G-C,SNV_INDEL,P,VUS
RGP_79,RGP_79_3,RGP_79_3,,1,0,AHDC1,0,0,chr1:27552119,CNV_SV,,,"de novo 1:27552119-27610448del, 58kb del that includes all but three nucleotides of the 5' untranslated region of AHDC1. VUS-high",
RGP_803,RGP_803_3,RGP_803_3,,0,0,,,,,,,,,
RGP_186,RGP_186_3,RGP_186_3,,1,0,,,,,,,,,
RGP_859,RGP_859_3,RGP_859_3,,0,0,,,,,,,,,
RGP_1525,RGP_1525_3,RGP_1525_3,,0,0,,,,,,,,,
RGP_676,RGP_676_3,RGP_676_3,,1,1,CDKL5,0,0,chrX:18628716-C-T,SNV_INDEL,,,,
RGP_1645,RGP_1645_3,RGP_1645_3,,1,0,,,,,,,,,
RGP_934,RGP_934_3,RGP_934_3,,0,0,,,,,,,,,
RGP_691,RGP_691_3,RGP_691_3,,0,0,,,,,,,,,
RGP_1203,RGP_1203_3,RGP_1203_3,,0,1,SORD,0,0,chr15:45069018-CG-C,SNV_INDEL,chr15:45069018-CG-C,SNV_INDEL,,
RGP_961,RGP_961_3,RGP_961_3,,0,0,,,,,,,,,
RGP_1728,RGP_1728_3,RGP_1728_3,,1,0,,,,,,,,,
RGP_993,RGP_993_3,RGP_993_3,,0,0,,,,,,,,,
RGP_1866,RGP_1866_3,RGP_1866_3,,0,1,ACVRL1,0,0,chr12:51919035-C-T,SNV_INDEL,,,,
RGP_929,RGP_929_3,RGP_929_3,,0,0,,,,,,,,,
RGP_1061,RGP_1061_3,RGP_1061_3,,0,0,,,,,,,,,
RGP_530,RGP_530_3,RGP_530_3,,0,1,NPHS2,0,1,chr1:179552605-G-A,SNV_INDEL,chr1:179557079-C-T,SNV_INDEL,,"Not truly incomplete penetrance, but this is a hypomorphic allele that doesn't cause disease in the hom state (is hom in mom)"
RGP_910,RGP_910_3,RGP_910_3,,0,1,SELENON,0,0,chr1:25808786-GGAGGTGAGGACAGCTGGGGTGCGACGTGGGGCCCCTCC-G,SNV_INDEL,chr1:25813890-G-A,SNV_INDEL,c.746_747+36del,
RGP_920,RGP_920_3,RGP_920_3,,0,0,,,,,,,,,
RGP_980,RGP_980_3,RGP_980_3,,1,0,,,,,,,,,
RGP_948,RGP_948_3,RGP_948_3,,0,0,,,,,,,,,
RGP_283,RGP_283_3,RGP_283_3,,1,0,,,,,,,,,
RGP_1225,RGP_1225_3,RGP_1225_3,,0,0,,,,,,,,,
RGP_1304,RGP_1304_3,RGP_1304_3,,0,0,,,,,,,,,
RGP_1271,RGP_1271_3,RGP_1271_3,,0,0,,,,,,,,,
RGP_1128,RGP_1128_3,RGP_1128_3,,0,1,KCND2,0,0,chr7:120732994-C-G,SNV_INDEL,,,,
RGP_2018,RGP_2018_3,RGP_2018_3,,0,0,,,,,,,,,
RGP_782,RGP_782_3,RGP_782_3,,0,0,FRSS1L,0,0,chr9:109147051-C-T,SNV_INDEL,chr9:109159970,CNV_SV,VUS,"chr9:109159971-109170802del by IGV breakend mapping, LP"
RGP_1870,RGP_1870_3,RGP_1870_3,,0,0,,,,,,,,,
RGP_823,RGP_823_3,RGP_823_3,,0,1,SMN1,0,0,chr5:70951941,GENE_SPECIFIC_CALLER,,,5:70951941-70951994del (SMN1 CN=0),
RGP_1091,RGP_1091_3,RGP_1091_3,,0,0,,,,,,,,,
RGP_1613,RGP_1613_3,RGP_1613_3,,0,0,,,,,,,,,
RGP_1022,RGP_1022_3,RGP_1022_3,,0,0,,,,,,,,,
RGP_338,RGP_338_3,RGP_338_3,,0,0,,,,,,,,,
RGP_952,RGP_952_3,RGP_952_3,,1,0,,,,,,,,,
RGP_1003,RGP_1003_3,RGP_1003_3,,0,0,,,,,,,,,
RGP_1542,RGP_1542_3,RGP_1542_3,,0,1,CAPN3,0,0,chr15:42401680-TGGA-T,SNV_INDEL,chr15:42410981-T-TTC,SNV_INDEL,,
RGP_831,RGP_831_3,RGP_831_3,,0,0,,,,,,,,,
RGP_872,RGP_872_3_D2,RGP_872_3_D2,,0,0,,,,,,,,,
RGP_329,RGP_329_3,RGP_329_3,,0,0,,,,,,,,,
RGP_1261,RGP_1261_3,RGP_1261_3,,0,0,,,,,,,,,
RGP_1457,RGP_1457_3,RGP_1457_3,,0,1,MT-TA,0,0,chrM:5591-G-A,MITO,,,,
RGP_683,RGP_683_3,RGP_683_3,,1,1,RLIM,0,0,chrX:74592156-G-A,SNV_INDEL,,,Hemizygous on X in a male,
RGP_1004,RGP_1004_3_2,RGP_1004_3,,0,0,,,,,,,,,
RGP_1153,RGP_1153_3,RGP_1153_3,,0,1,SMN1,0,0,chr5:70951941,GENE_SPECIFIC_CALLER,,,SMN1 CN=0; SMN2 CN=4,
RGP_1787,RGP_1787_3,RGP_1787_3,,0,1,PABPN1,0,0,chr14:23321473,STR,,,PABPN1: repeats of 10 and 13 (9[GCG}+3[GCA]+1[GCG]). n=13 repeats (path range is 12-17),
RGP_1014,RGP_1014_3,RGP_1014_3,,0,0,,,,,,,,,
RGP_1598,RGP_1598_3,RGP_1598_3,,1,0,,,,,,,,,
RGP_994,RGP_994_3,RGP_994_3,,0,0,,,,,,,,,
RGP_606,RGP_606_3,RGP_606_3,,0,0,,,,,,,,,
RGP_1865,RGP_1865_3,RGP_1865_3,,0,1,ACVRL1,0,0,chr12:51920681-T-G,SNV_INDEL,,,,
RGP_921,RGP_921_3,RGP_921_3,,0,0,PLEKHG5,0,0,chr1:6470075,CNV_SV,chr1:6470075,CNV_SV,"Complex SV. Homozygous in proband, het in mom - 255bp sequence, including all of PLEKHG5 exon 13, is duplicated, inverted, and then inserted next to exon 16. Deletion is part of the event. Classified as VUS",
RGP_1148,RGP_1148_3,RGP_1148_3,,0,1,ANO5,0,0,chr11:22080741,CNV_SV,chr11:22262162-G-T,SNV_INDEL,11:22080741-22227261del encompassing the 5' untranslated region (UTR) and coding regions in exons 1-6 of the ANO5 gene,
RGP_833,RGP_833_3,RGP_833_3,,0,1,TTN,0,0,chr2:178546102-A-G,SNV_INDEL,,,,
RGP_955,RGP_955_3,RGP_955_3,,0,0,,,,,,,,,
RGP_1255,RGP_1255_3,RGP_1255_3,,0,0,TPM2,0,0,chr9:35685677-T-A,SNV_INDEL,,,VUS,
RGP_932,RGP_932_3,RGP_932_3,,0,0,ADSS1,0,0,chr14:104738376-G-A,SNV_INDEL,chr14:104741184-GC-G,SNV_INDEL,VUS,LP
RGP_1492,RGP_1492_3,RGP_1492_3,,0,0,,,,,,,,,
RGP_1013,RGP_1013_3,RGP_1013_3,,0,0,,,,,,,,,
RGP_1418,RGP_1418_3,RGP_1418_3,,0,0,,,,,,,,,
RGP_1275,RGP_1275_3,RGP_1275_3,,0,0,,,,,,,,,
RGP_1040,RGP_1040_3,RGP_1040_3,,0,0,,,,,,,,,
RGP_1519,RGP_1519_3,RGP_1519_3,,0,1,UMOD,0,0,chr16:20348897-C-G,SNV_INDEL,,,LP,
RGP_930,RGP_930_3,RGP_930_3,,0,1,DES,0,0,chr2:219421350-T-C,SNV_INDEL,,,,
RGP_1278,RGP_1278_3,RGP_1278_3,,0,0,,,,,,,,,
RGP_1179,RGP_1179_3,RGP_1179_3,,0,0,,,,,,,,,
RGP_192,RGP_192_3,RGP_192_3_2,,0,0,,,,,,,,,
RGP_251,RGP_251_3,RGP_251_3_2,,0,1,ZFHX4,0,0,chr8:76850885-G-A,SNV_INDEL,,,LP,
RGP_432,RGP_432_3,RGP_432_3_2,,1,1,RNU4-2,0,0,chr12:120291839-T-TA,SNV_INDEL,,,,
RGP_926,RGP_926_3,RGP_926_3_2,,1,0,,,,,,,,,
RGP_1649,RGP_1649_3,RGP_1649_3,,0,0,,,,,,,,,
RGP_1812,RGP_1812_3,RGP_1812_3,,1,1,HPS1,0,0,chr10:98420043-A-G,SNV_INDEL,chr10:98431539,CNV_SV,,SV callset not available but we found the SV through manual review
RGP_922,RGP_922_3,RGP_922_3,,0,0,,,,,,,,,
RGP_1131,RGP_1131_3,RGP_1131_3,,0,0,,,,,,,,,
RGP_1171,RGP_1171_3,RGP_1171_3,,0,0,,,,,,,,,
RGP_1432,RGP_1432_3,RGP_1432_3,,0,0,,,,,,,,,
RGP_1446,RGP_1446_3,RGP_1446_3,,1,0,,,,,,,,,
RGP_1545,RGP_1545_3,RGP_1545_3,,1,0,,,,,,,,,
RGP_1558,RGP_1558_3,RGP_1558_3,,0,0,,,,,,,,,
RGP_1563,RGP_1563_3,RGP_1563_3,,1,0,,,,,,,,,
RGP_1604,RGP_1604_3,RGP_1604_3,,1,0,,,,,,,,,
RGP_1670,RGP_1670_3,RGP_1670_3,,1,0,,,,,,,,,
RGP_1744,RGP_1744_4,RGP_1744_4,,0,0,,,,,,,,,
RGP_1747,RGP_1747_3,RGP_1747_3,,1,0,,,,,,,,,
RGP_1805,RGP_1805_3,RGP_1805_3,,1,0,,,,,,,,,
RGP_1817,RGP_1817_3,RGP_1817_3,,1,0,,,,,,,,,
RGP_1830,RGP_1830_3,RGP_1830_3,,1,0,,,,,,,,,
RGP_1845,RGP_1845_3,RGP_1845_3,,0,0,,,,,,,,,
RGP_1877,RGP_1877_3,RGP_1877_3,,0,1,EPHB4,0,0,chr7:100806479-C-CA,SNV_INDEL,,,,
RGP_1888,RGP_1888_3,RGP_1888_3,,0,0,,,,,,,,,
RGP_1890,RGP_1890_3,RGP_1890_3,,1,1,ENG,0,0,chr9:127819188,CNV_SV,,,"SV data not yet available for this family. chr9:127819188-127823513dup, classified as LP primarily due to rarity and phenotype match. ",
RGP_2003,RGP_2003_3,RGP_2003_3,,1,0,,,,,,,,,
RGP_2014,RGP_2014_3,RGP_2014_3,,1,1,KDM6A,0,0,chrX:45004910-GTCC-G,SNV_INDEL,,,De novo het on X in a female,
RGP_2015,RGP_2015_3,RGP_2015_3,,1,0,,,,,,,,,
RGP_2017,RGP_2017_3,RGP_2017_3,,0,0,,,,,,,,,
RGP_2021,RGP_2021_3,RGP_2021_3,,1,0,,,,,,,,,
RGP_2024,RGP_2024_3,RGP_2024_3,,0,0,,,,,,,,,
RGP_2025,RGP_2025_3,RGP_2025_3,,1,0,,,,,,,,,
RGP_2028,RGP_2028_3,RGP_2028_3,,0,0,,,,,,,,,
RGP_2033,RGP_2033_3,RGP_2033_3,,0,1,SMAD4,0,0,chr18:51078403-C-A,SNV_INDEL,,,,
RGP_2034,RGP_2034_3,RGP_2034_3,,0,0,,,,,,,,,
RGP_2035,RGP_2035_3,RGP_2035_3,,0,0,,,,,,,,,
RGP_2040,RGP_2040_3,RGP_2040_3,,1,0,,,,,,,,,
RGP_2045,RGP_2045_3,RGP_2045_3,,1,0,,,,,,,,,
RGP_2046,RGP_2046_3,RGP_2046_3,,0,0,,,,,,,,,
RGP_2051,RGP_2051_3,RGP_2051_3,,1,0,,,,,,,,,
RGP_2052,RGP_2052_3,RGP_2052_3,,1,0,,,,,,,,,
RGP_2054,RGP_2054_3,RGP_2054_3,,0,0,,,,,,,,,
RGP_2055,RGP_2055_3,RGP_2055_3,,1,0,,,,,,,,,
RGP_2056,RGP_2056_3,RGP_2056_3,,1,0,,,,,,,,,
RGP_2058,RGP_2058_3,RGP_2058_3,,1,0,,,,,,,,,
RGP_2060,RGP_2060_3,RGP_2060_3,,1,0,,,,,,,,,
RGP_2061,RGP_2061_3,RGP_2061_3,,0,0,,,,,,,,,
RGP_2062,RGP_2062_3,RGP_2062_3,,0,1,ACVRL1,0,0,chr12:51913187-G-T,SNV_INDEL,,,,
RGP_2066,RGP_2066_3,RGP_2066_3,,0,0,,,,,,,,,
RGP_2069,RGP_2069_3,RGP_2069_3,,1,0,,,,,,,,,
RGP_2074,RGP_2074_3,RGP_2074_3,,1,0,,,,,,,,,
RGP_2075,RGP_2075_3,RGP_2075_3,,1,0,,,,,,,,,
RGP_2077,RGP_2077_3,RGP_2077_3,,0,0,,,,,,,,,
RGP_2080,RGP_2080_3,RGP_2080_3,,1,0,,,,,,,,,
RGP_2083,RGP_2083_3,RGP_2083_3,,1,0,,,,,,,,,
RGP_2084,RGP_2084_3,RGP_2084_3,,1,0,,,,,,,,,
RGP_2092,RGP_2092_3,RGP_2092_3,,0,0,,,,,,,,,
RGP_2095,RGP_2095_3,RGP_2095_3,,1,0,,,,,,,,,
RGP_2096,RGP_2096_3,RGP_2096_3,,0,0,,,,,,,,,
RGP_2097,RGP_2097_3,RGP_2097_3,,1,0,,,,,,,,,
RGP_2098,RGP_2098_3,RGP_2098_3,,1,0,,,,,,,,,
RGP_2102,RGP_2102_3,RGP_2102_3,,1,0,,,,,,,,,
RGP_2107,RGP_2107_3,RGP_2107_3,,0,0,,,,,,,,,
RGP_2109,RGP_2109_3,RGP_2109_3,,1,0,,,,,,,,,
RGP_2111,RGP_2111_3,RGP_2111_3,,1,0,,,,,,,,,
RGP_2112,RGP_2112_3,RGP_2112_3,,0,0,CPSF6,0,0,chr12:69262494-CACCGGGATCGTG-C,SNV_INDEL,,,,
RGP_2113,RGP_2113_3,RGP_2113_3,,0,0,,,,,,,,,
RGP_2120,RGP_2120_3,RGP_2120_3,,1,0,,,,,,,,,
RGP_2122,RGP_2122_3,RGP_2122_3,,1,0,,,,,,,,,
RGP_2124,RGP_2124_3,RGP_2124_3,,1,0,,,,,,,,,
RGP_2127,RGP_2127_3,RGP_2127_3,,1,0,,,,,,,,,
RGP_2129,RGP_2129_3,RGP_2129_3,,1,0,,,,,,,,,
RGP_2131,RGP_2131_3,RGP_2131_3,,1,1,CYB5R3,0,0,chr22:42640650,CNV_SV,chr22:42640650,CNV_SV,"SV data not yet available for this family. chr22:42640666_42650663del, deletion of UTR and first exon",
RGP_2133,RGP_2133_3,RGP_2133_3,,0,0,,,,,,,,,
RGP_2141,RGP_2141_3,RGP_2141_3,,0,0,,,,,,,,,
RGP_2142,RGP_2142_3,RGP_2142_3,,0,0,,,,,,,,,
RGP_2148,RGP_2148_3,RGP_2148_3,,1,0,,,,,,,,,
RGP_2150,RGP_2150_3,RGP_2150_3,,1,0,,,,,,,,,
RGP_2153,RGP_2153_3,RGP_2153_3,,0,1,RYR1,0,0,chr19:38499984-G-T,SNV_INDEL,,,partial diagnosis,
RGP_2157,RGP_2157_3,RGP_2157_3,,0,0,,,,,,,,,
RGP_2158,RGP_2158_3,RGP_2158_3,,1,1,CDKL5,1,0,chrX:184739994,CNV_SV,,,"SV data not yet available for this family. chrX:184739994-18540790del - 70% mosaicism, male proband.",
RGP_2159,RGP_2159_3,RGP_2159_3,,1,0,,,,,,,,,
RGP_2160,RGP_2160_3,RGP_2160_3,,1,0,,,,,,,,,
RGP_2163,RGP_2163_3,RGP_2163_3,,0,0,,,,,,,,,
RGP_2166,RGP_2166_3,RGP_2166_3,,1,0,,,,,,,,,
RGP_2167,RGP_2167_3,RGP_2167_3,,1,0,,,,,,,,,
RGP_2171,RGP_2171_3,RGP_2171_3,,1,0,,,,,,,,,
RGP_2172,RGP_2172_3,RGP_2172_3,,0,0,,,,,,,,,
RGP_2173,RGP_2173_3,RGP_2173_3,,0,0,,,,,,,,,
RGP_2174,RGP_2174_3,RGP_2174_3,,1,0,,,,,,,,,
RGP_2176,RGP_2176_3,RGP_2176_3,,1,0,,,,,,,,,
RGP_2177,RGP_2177_3,RGP_2177_3,,0,0,,,,,,,,,
RGP_2182,RGP_2182_3,RGP_2182_3,,0,0,,,,,,,,,
RGP_2187,RGP_2187_3,RGP_2187_3,,1,0,,,,,,,,,
RGP_2188,RGP_2188_3,RGP_2188_3,,1,0,,,,,,,,,
RGP_2191,RGP_2191_3,RGP_2191_3,,1,0,,,,,,,,,
RGP_2198,RGP_2198_3,RGP_2198_3,,0,0,,,,,,,,,
RGP_2209,RGP_2209_3,RGP_2209_3,,1,0,,,,,,,,,
RGP_2210,RGP_2210_3,RGP_2210_3,,1,1,CNOT2,0,0,chr12:70010000,CNV_SV,,,SV data not yet available for this family.,
RGP_2211,RGP_2211_3,RGP_2211_3,,1,0,,,,,,,,,
RGP_2212,RGP_2212_3,RGP_2212_3,,1,0,,,,,,,,,
RGP_2216,RGP_2216_3,RGP_2216_3,,0,0,,,,,,,,,
RGP_2218,RGP_2218_3,RGP_2218_3,,1,0,,,,,,,,,
RGP_2222,RGP_2222_3,RGP_2222_3,,1,0,,,,,,,,,
RGP_2225,RGP_2225_3,RGP_2225_3,,1,0,,,,,,,,,
RGP_2240,RGP_2240_3,RGP_2240_3,,1,0,,,,,,,,,
RGP_2245,RGP_2245_3,RGP_2245_3,,0,0,,,,,,,,,
RGP_2248,RGP_2248_3,RGP_2248_3,,1,0,,,,,,,,,
RGP_2259,RGP_2259_3,RGP_2259_3,,1,0,,,,,,,,,
RGP_2260,RGP_2260_3,RGP_2260_3,,0,0,,,,,,,,,
RGP_2263,RGP_2263_3,RGP_2263_3,,0,0,,,,,,,,,
RGP_2265,RGP_2265_3,RGP_2265_3,,1,0,,,,,,,,,
RGP_2267,RGP_2267_3,RGP_2267_3,,1,0,AP2M1,0,0,chr3:184181745-C-T,SNV_INDEL,,,"LOF not an established mechanism (yet), returned for involvement in collaboration",
RGP_2273,RGP_2273_3,RGP_2273_3,,0,0,,,,,,,,,
RGP_2282,RGP_2282_3,RGP_2282_3,,0,0,,,,,,,,,
RGP_2283,RGP_2283_3,RGP_2283_3,,1,0,,,,,,,,,
RGP_2285,RGP_2285_3,RGP_2285_3,,0,0,,,,,,,,,
RGP_2289,RGP_2289_3,RGP_2289_3,,0,0,,,,,,,,,
RGP_2300,RGP_2300_3,RGP_2300_3,,1,0,,,,,,,,,
RGP_2306,RGP_2306_3,RGP_2306_3,,0,0,,,,,,,,,
RGP_2307,RGP_2307_3,RGP_2307_3,,1,0,,,,,,,,,
RGP_2315,RGP_2315_3,RGP_2315_3,,0,0,,,,,,,,,
RGP_2320,RGP_2320_3,RGP_2320_3,,1,0,,,,,,,,,
RGP_2325,RGP_2325_3,RGP_2325_3,,0,0,,,,,,,,,
RGP_2332,RGP_2332_3,RGP_2332_3,,0,0,,,,,,,,,
RGP_2333,RGP_2333_3,RGP_2333_3,,0,0,,,,,,,,,
RGP_2340,RGP_2340_3,RGP_2340_3,,1,0,,,,,,,,,
RGP_2347,RGP_2347_3,RGP_2347_3,,0,0,,,,,,,,,
RGP_2353,RGP_2353_3,RGP_2353_3,,0,0,,,,,,,,,
RGP_2354,RGP_2354_3,RGP_2354_3,,1,0,,,,,,,,,
RGP_2357,RGP_2357_3,RGP_2357_3,,1,0,,,,,,,,,
RGP_2360,RGP_2360_3,RGP_2360_3,,1,0,,,,,,,,,
RGP_2364,RGP_2364_3,RGP_2364_3,,1,0,,,,,,,,,
RGP_2365,RGP_2365_3,RGP_2365_3,,0,0,,,,,,,,,
RGP_2385,RGP_2385_3,RGP_2385_3,,0,0,,,,,,,,,
RGP_2397,RGP_2397_3,RGP_2397_3,,1,0,,,,,,,,,
RGP_2401,RGP_2401_3,RGP_2401_3,,0,0,,,,,,,,,
RGP_2453,RGP_2453_3,RGP_2453_3,,0,0,,,,,,,,,
RGP_2476,RGP_2476_3,RGP_2476_3,,0,0,,,,,,,,,
RGP_2487,RGP_2487_3,RGP_2487_3,,0,0,,,,,,,,,